{
  "results_macro_full_seed7_current": {
    "val_total": 1.9463242292404175,
    "probe_regression": {
      "mse": 0.54131019115448,
      "mae": 0.505462646484375,
      "directional_acc": 0.7037037037037037,
      "pred_mean": -0.19072602689266205
    },
    "baseline_regression": {
      "mse": 0.4419393539428711,
      "mae": 0.5377758145332336,
      "directional_acc": 0.6296296296296297,
      "pred_mean": -0.3259965181350708
    },
    "probe_classification": {
      "accuracy": 0.6666666666666666,
      "auc": 0.5793650793650793,
      "f1": 0.3076923076923077
    },
    "baseline_classification": {
      "accuracy": 0.7777777777777778,
      "auc": 0.6984126984126984,
      "f1": 0.0
    },
    "latent_stats": {
      "train_mean_norm": 2.1182312965393066,
      "test_mean_norm": 2.138495922088623,
      "train_std_mean": 0.26345136761665344,
      "test_std_mean": 0.19558875262737274,
      "test_cov_trace": 0.17162948935350386,
      "memory_gate_mean": 0.5162290334701538,
      "memory_occupancy_mean": 0.046875
    }
  },
  "results_macro_noema_seed7_current": {
    "val_total": 1.9281071424484253,
    "probe_regression": {
      "mse": 0.54131019115448,
      "mae": 0.505462646484375,
      "directional_acc": 0.7037037037037037,
      "pred_mean": -0.19072602689266205
    },
    "baseline_regression": {
      "mse": 0.4419393539428711,
      "mae": 0.5377758145332336,
      "directional_acc": 0.6296296296296297,
      "pred_mean": -0.3259965181350708
    },
    "probe_classification": {
      "accuracy": 0.6666666666666666,
      "auc": 0.5793650793650793,
      "f1": 0.3076923076923077
    },
    "baseline_classification": {
      "accuracy": 0.7777777777777778,
      "auc": 0.6984126984126984,
      "f1": 0.0
    },
    "latent_stats": {
      "train_mean_norm": 2.1182312965393066,
      "test_mean_norm": 2.138495922088623,
      "train_std_mean": 0.26345136761665344,
      "test_std_mean": 0.19558875262737274,
      "test_cov_trace": 0.17162948935350386,
      "memory_gate_mean": 0.5162290334701538,
      "memory_occupancy_mean": 0.046875
    }
  },
  "results_macro_noreg_seed7_current": {
    "val_total": 1.9079463481903076,
    "probe_regression": {
      "mse": 0.5419148206710815,
      "mae": 0.5057197213172913,
      "directional_acc": 0.7037037037037037,
      "pred_mean": -0.18969476222991943
    },
    "baseline_regression": {
      "mse": 0.4419393539428711,
      "mae": 0.5377758145332336,
      "directional_acc": 0.6296296296296297,
      "pred_mean": -0.3259965181350708
    },
    "probe_classification": {
      "accuracy": 0.6666666666666666,
      "auc": 0.5793650793650793,
      "f1": 0.3076923076923077
    },
    "baseline_classification": {
      "accuracy": 0.7777777777777778,
      "auc": 0.6984126984126984,
      "f1": 0.0
    },
    "latent_stats": {
      "train_mean_norm": 2.1182148456573486,
      "test_mean_norm": 2.138610601425171,
      "train_std_mean": 0.2634652554988861,
      "test_std_mean": 0.19525478780269623,
      "test_cov_trace": 0.17103700096350866,
      "memory_gate_mean": 0.5163187980651855,
      "memory_occupancy_mean": 0.046875
    }
  }
}